position_noise,position_filtred,real_position,pos1,pos2,pos3
 -5167.70, -5182.87, -2583.85, -5167.70,     0.00,     0.00
 -5179.39, -5182.87, -4312.26, -5179.39, -5167.70,     0.00
 -5187.98, -5182.87, -5181.74, -5187.98, -5179.39, -5167.70
 -5180.26, -5182.87, -5182.69, -5180.26, -5187.98, -5179.39
 -5155.12, -5182.87, -5168.97, -5155.12, -5180.26, -5187.98
 -5203.84, -5182.87, -5183.67, -5203.84, -5155.12, -5180.26
 -5184.21, -5182.87, -5185.90, -5184.21, -5203.84, -5155.12
 -5196.76, -5182.87, -5193.76, -5196.76, -5184.21, -5203.84
 -5215.29, -5182.87, -5203.93, -5215.29, -5196.76, -5184.21
 -5202.02, -5182.87, -5205.57, -5202.02, -5215.29, -5196.76
 -5169.76, -5182.87, -5188.10, -5169.76, -5202.02, -5215.29
 -5181.26, -5182.87, -5180.89, -5181.26, -5169.76, -5202.02
 -5181.57, -5182.87, -5179.50, -5181.57, -5181.26, -5169.76
 -5198.30, -5182.87, -5189.88, -5198.30, -5181.57, -5181.26
 -5217.06, -5182.87, -5204.89, -5217.06, -5198.30, -5181.57
 -5162.30, -5182.87, -5186.55, -5162.30, -5217.06, -5198.30
 -5173.29, -5182.87, -5176.92, -5173.29, -5162.30, -5217.06
 -5150.81, -5182.87, -5160.22, -5150.81, -5173.29, -5162.30
 -5201.19, -5182.87, -5179.75, -5201.19, -5150.81, -5173.29
 -5165.76, -5182.87, -5175.08, -5165.76, -5201.19, -5150.81
 -5193.40, -5182.87, -5185.49, -5193.40, -5165.76, -5201.19
 -5173.39, -5182.87, -5178.79, -5173.39, -5193.40, -5165.76
 -5205.86, -5182.87, -5192.96, -5205.86, -5173.39, -5193.40
 -5201.58, -5182.87, -5198.31, -5201.58, -5205.86, -5173.39
 -5230.47, -5182.87, -5216.74, -5230.47, -5201.58, -5205.86
 -5161.66, -5182.87, -5191.25, -5161.66, -5230.47, -5201.58
 -5159.57, -5182.87, -5172.08, -5159.57, -5161.66, -5230.47
 -5185.94, -5182.87, -5173.10, -5185.94, -5159.57, -5161.66
 -5212.72, -5182.87, -5194.93, -5212.72, -5185.94, -5159.57
 -5149.53, -5182.87, -5176.66, -5149.53, -5212.72, -5185.94
 -5166.60, -5182.87, -5168.60, -5166.60, -5149.53, -5212.72
 -5210.83, -5182.87, -5185.87, -5210.83, -5166.60, -5149.53
 -5213.23, -5182.87, -5204.66, -5213.23, -5210.83, -5166.60
 -5180.52, -5182.87, -5196.47, -5180.52, -5213.23, -5210.83
 -5231.44, -5182.87, -5211.43, -5231.44, -5180.52, -5213.23
 -5190.95, -5182.87, -5202.71, -5190.95, -5231.44, -5180.52
 -5147.35, -5182.87, -5175.90, -5147.35, -5190.95, -5231.44
 -5197.95, -5182.87, -5179.92, -5197.95, -5147.35, -5190.95
 -5181.77, -5182.87, -5181.43, -5181.77, -5197.95, -5147.35
 -5209.43, -5182.87, -5198.29, -5209.43, -5181.77, -5197.95
 -5188.07, -5182.87, -5194.14, -5188.07, -5209.43, -5181.77
 -5185.35, -5182.87, -5190.27, -5185.35, -5188.07, -5209.43
 -5151.21, -5182.87, -5168.74, -5151.21, -5185.35, -5188.07
 -5174.28, -5182.87, -5168.44, -5174.28, -5151.21, -5185.35
 -5194.37, -5182.87, -5180.48, -5194.37, -5174.28, -5151.21
 -5208.06, -5182.87, -5197.86, -5208.06, -5194.37, -5174.28
 -5236.12, -5182.87, -5219.81, -5236.12, -5208.06, -5194.37
 -5192.17, -5182.87, -5209.47, -5192.17, -5236.12, -5208.06
 -5204.13, -5182.87, -5205.48, -5204.13, -5192.17, -5236.12
 -5195.28, -5182.87, -5197.71, -5195.28, -5204.13, -5192.17
 -5188.63, -5182.03, -5193.43, -5188.63, -5195.28, -5204.13
 -5175.96, -5182.03, -5183.40, -5175.96, -5188.63, -5195.28
 -5170.75, -5179.76, -5175.46, -5170.75, -5175.96, -5188.63
 -5163.78, -5179.76, -5168.13, -5163.78, -5170.75, -5175.96
 -5163.76, -5176.03, -5164.93, -5163.76, -5163.78, -5170.75
 -5159.45, -5176.03, -5161.61, -5159.45, -5163.76, -5163.78
 -5217.08, -5170.85, -5188.98, -5217.08, -5159.45, -5163.76
 -5190.16, -5170.85, -5194.01, -5190.16, -5217.08, -5159.45
 -5159.16, -5164.19, -5179.15, -5159.16, -5190.16, -5217.08
 -5158.60, -5164.19, -5164.05, -5158.60, -5159.16, -5190.16
 -5156.65, -5156.07, -5157.72, -5156.65, -5158.60, -5159.16
 -5198.14, -5156.07, -5177.72, -5198.14, -5156.65, -5158.60
 -5100.56, -5146.48, -5142.44, -5100.56, -5198.14, -5156.65
 -5118.64, -5146.48, -5125.87, -5118.64, -5100.56, -5198.14
 -5145.32, -5135.42, -5128.97, -5145.32, -5118.64, -5100.56
 -5151.50, -5135.42, -5143.97, -5151.50, -5145.32, -5118.64
 -5124.74, -5122.89, -5137.09, -5124.74, -5151.50, -5145.32
 -5122.29, -5122.89, -5127.98, -5122.29, -5124.74, -5151.50
 -5123.53, -5108.90, -5123.32, -5123.53, -5122.29, -5124.74
 -5090.47, -5108.90, -5106.79, -5090.47, -5123.53, -5122.29
 -5113.09, -5093.44, -5107.29, -5113.09, -5090.47, -5123.53
 -5070.02, -5093.44, -5087.78, -5070.02, -5113.09, -5090.47
 -5066.60, -5077.34, -5075.49, -5066.60, -5070.02, -5113.09
 -5114.53, -5077.34, -5091.13, -5114.53, -5066.60, -5070.02
 -5030.93, -5061.29, -5064.74, -5030.93, -5114.53, -5066.60
 -5080.65, -5061.29, -5069.72, -5080.65, -5030.93, -5114.53
 -5022.01, -5045.28, -5043.04, -5022.01, -5080.65, -5030.93
 -5066.45, -5045.28, -5054.00, -5066.45, -5022.01, -5080.65
 -5040.52, -5029.28, -5046.08, -5040.52, -5066.45, -5022.01
 -5027.12, -5029.28, -5038.14, -5027.12, -5040.52, -5066.45
 -5024.01, -5013.28, -5027.80, -5024.01, -5027.12, -5040.52
 -4991.25, -5013.28, -5008.15, -4991.25, -5024.01, -5027.12
 -5016.38, -4997.28, -5009.27, -5016.38, -4991.25, -5024.01
 -4977.80, -4997.28, -4992.90, -4977.80, -5016.38, -4991.25
 -4999.42, -4981.28, -4995.04, -4999.42, -4977.80, -5016.38
 -5002.73, -4981.28, -4997.47, -5002.73, -4999.42, -4977.80
 -4938.03, -4965.28, -4969.83, -4938.03, -5002.73, -4999.42
 -4978.88, -4965.28, -4969.24, -4978.88, -4938.03, -5002.73
 -4961.68, -4949.28, -4963.47, -4961.68, -4978.88, -4938.03
 -4943.06, -4949.28, -4955.24, -4943.06, -4961.68, -4978.88
 -4920.10, -4933.28, -4934.68, -4920.10, -4943.06, -4961.68
 -4930.89, -4933.28, -4929.32, -4930.89, -4920.10, -4943.06
 -4898.45, -4917.28, -4912.87, -4898.45, -4930.89, -4920.10
 -4931.29, -4917.28, -4920.27, -4931.29, -4898.45, -4930.89
 -4901.75, -4901.28, -4911.04, -4901.75, -4931.29, -4898.45
 -4916.76, -4901.28, -4914.18, -4916.76, -4901.75, -4931.29
 -4923.68, -4885.28, -4917.72, -4923.68, -4916.76, -4901.75
 -4905.52, -4885.28, -4913.45, -4905.52, -4923.68, -4916.76
 -4896.81, -4869.28, -4904.19, -4896.81, -4905.52, -4923.68
 -4896.51, -4869.28, -4898.11, -4896.51, -4896.81, -4905.52
 -4869.95, -4853.28, -4883.28, -4869.95, -4896.51, -4896.81
 -4822.66, -4853.28, -4850.73, -4822.66, -4869.95, -4896.51
 -4830.72, -4837.28, -4834.57, -4830.72, -4822.66, -4869.95
 -4803.08, -4837.28, -4815.56, -4803.08, -4830.72, -4822.66
 -4815.03, -4821.28, -4813.66, -4815.03, -4803.08, -4830.72
 -4833.19, -4821.28, -4822.12, -4833.19, -4815.03, -4803.08
 -4811.90, -4805.28, -4819.52, -4811.90, -4833.19, -4815.03
 -4782.08, -4805.28, -4800.54, -4782.08, -4811.90, -4833.19
 -4805.53, -4789.28, -4798.78, -4805.53, -4782.08, -4811.90
 -4809.41, -4789.28, -4803.56, -4809.41, -4805.53, -4782.08
 -4752.13, -4773.28, -4780.12, -4752.13, -4809.41, -4805.53
 -4786.59, -4773.28, -4778.91, -4786.59, -4752.13, -4809.41
 -4776.89, -4757.28, -4776.00, -4776.89, -4786.59, -4752.13
 -4764.01, -4757.28, -4772.07, -4764.01, -4776.89, -4786.59
 -4726.94, -4741.28, -4747.62, -4726.94, -4764.01, -4776.89
 -4767.85, -4741.28, -4753.57, -4767.85, -4726.94, -4764.01
 -4720.18, -4725.28, -4737.20, -4720.18, -4767.85, -4726.94
 -4765.79, -4725.28, -4750.93, -4765.79, -4720.18, -4767.85
 -4673.33, -4709.28, -4711.96, -4673.33, -4765.79, -4720.18
 -4702.68, -4709.28, -4703.41, -4702.68, -4673.33, -4765.79
 -4709.88, -4693.28, -4701.39, -4709.88, -4702.68, -4673.33
 -4719.82, -4693.28, -4713.65, -4719.82, -4709.88, -4702.68
 -4656.33, -4677.28, -4686.42, -4656.33, -4719.82, -4709.88
 -4713.64, -4677.28, -4695.56, -4713.64, -4656.33, -4719.82
 -4694.59, -4661.28, -4694.56, -4694.59, -4713.64, -4656.33
 -4672.99, -4661.28, -4686.96, -4672.99, -4694.59, -4713.64
 -4643.59, -4645.28, -4661.89, -4643.59, -4672.99, -4694.59
 -4641.08, -4645.28, -4647.23, -4641.08, -4643.59, -4672.99
 -4649.73, -4629.28, -4645.82, -4649.73, -4641.08, -4643.59
 -4637.80, -4629.28, -4642.32, -4637.80, -4649.73, -4641.08
 -4621.28, -4613.28, -4631.53, -4621.28, -4637.80, -4649.73
 -4601.71, -4613.28, -4614.25, -4601.71, -4621.28, -4637.80
 -4574.06, -4597.28, -4591.14, -4574.06, -4601.71, -4621.28
 -4593.47, -4597.28, -4588.37, -4593.47, -4574.06, -4601.71
 -4575.11, -4581.28, -4581.05, -4575.11, -4593.47, -4574.06
 -4568.51, -4581.28, -4574.87, -4568.51, -4575.11, -4593.47
 -4572.37, -4565.28, -4571.54, -4572.37, -4568.51, -4575.11
 -4547.49, -4565.28, -4559.29, -4547.49, -4572.37, -4568.51
 -4506.19, -4549.28, -4530.98, -4506.19, -4547.49, -4572.37
 -4542.63, -4549.28, -4531.29, -4542.63, -4506.19, -4547.49
 -4533.91, -4533.28, -4532.19, -4533.91, -4542.63, -4506.19
 -4513.54, -4533.28, -4525.18, -4513.54, -4533.91, -4542.63
 -4511.92, -4517.28, -4516.13, -4511.92, -4513.54, -4533.91
 -4530.97, -4517.28, -4521.72, -4530.97, -4511.92, -4513.54
 -4536.55, -4501.28, -4530.59, -4536.55, -4530.97, -4511.92
 -4533.28, -4501.28, -4533.99, -4533.28, -4536.55, -4530.97
 -4468.94, -4485.28, -4501.65, -4468.94, -4533.28, -4536.55
 -4479.97, -4485.28, -4485.18, -4479.97, -4468.94, -4533.28
 -4457.36, -4469.28, -4466.82, -4457.36, -4479.97, -4468.94
 -4459.35, -4469.28, -4462.12, -4459.35, -4457.36, -4479.97
 -4467.23, -4453.28, -4462.96, -4467.23, -4459.35, -4457.36
 -4435.01, -4453.28, -4449.81, -4435.01, -4467.23, -4459.35
 -4452.92, -4437.28, -4449.34, -4452.92, -4435.01, -4467.23
 -4428.68, -4437.28, -4437.81, -4428.68, -4452.92, -4435.01
 -4404.23, -4421.28, -4420.49, -4404.23, -4428.68, -4452.92
 -4384.29, -4421.28, -4398.33, -4384.29, -4404.23, -4428.68
 -4397.89, -4405.28, -4394.41, -4397.89, -4384.29, -4404.23
 -4382.55, -4405.28, -4387.95, -4382.55, -4397.89, -4384.29
 -4392.38, -4389.28, -4390.02, -4392.38, -4382.55, -4397.89
 -4360.55, -4389.28, -4374.83, -4360.55, -4392.38, -4382.55
 -4358.92, -4373.28, -4365.04, -4358.92, -4360.55, -4392.38
 -4366.73, -4373.28, -4363.10, -4366.73, -4358.92, -4360.55
 -4367.19, -4357.28, -4365.66, -4367.19, -4366.73, -4358.92
 -4370.83, -4357.28, -4368.93, -4370.83, -4367.19, -4366.73
 -4345.42, -4341.28, -4357.52, -4345.42, -4370.83, -4367.19
 -4339.83, -4341.28, -4346.86, -4339.83, -4345.42, -4370.83
 -4345.50, -4325.28, -4343.60, -4345.50, -4339.83, -4345.42
 -4346.39, -4325.28, -4345.00, -4346.39, -4345.50, -4339.83
 -4298.85, -4309.28, -4322.47, -4298.85, -4346.39, -4345.50
 -4326.15, -4309.28, -4320.42, -4326.15, -4298.85, -4346.39
 -4299.59, -4293.28, -4308.32, -4299.59, -4326.15, -4298.85
 -4289.16, -4293.28, -4298.80, -4289.16, -4299.59, -4326.15
 -4304.23, -4277.28, -4298.43, -4304.23, -4289.16, -4299.59
 -4251.68, -4277.28, -4275.44, -4251.68, -4304.23, -4289.16
 -4253.63, -4261.28, -4261.42, -4253.63, -4251.68, -4304.23
 -4254.38, -4261.28, -4253.68, -4254.38, -4253.63, -4251.68
 -4254.99, -4245.28, -4254.56, -4254.99, -4254.38, -4253.63
 -4247.56, -4245.28, -4251.17, -4247.56, -4254.99, -4254.38
 -4240.93, -4229.28, -4245.49, -4240.93, -4247.56, -4254.99
 -4235.16, -4229.28, -4239.15, -4235.16, -4240.93, -4247.56
 -4187.59, -4213.28, -4212.34, -4187.59, -4235.16, -4240.93
 -4211.56, -4213.28, -4207.50, -4211.56, -4187.59, -4235.16
 -4195.74, -4197.28, -4199.65, -4195.74, -4211.56, -4187.59
 -4187.35, -4197.28, -4194.18, -4187.35, -4195.74, -4211.56
 -4170.38, -4181.28, -4180.27, -4170.38, -4187.35, -4195.74
 -4183.10, -4181.28, -4179.57, -4183.10, -4170.38, -4187.35
 -4192.15, -4165.28, -4185.50, -4192.15, -4183.10, -4170.38
 -4158.65, -4165.28, -4173.89, -4158.65, -4192.15, -4183.10
 -4122.24, -4149.28, -4146.03, -4122.24, -4158.65, -4192.15
 -4146.29, -4149.28, -4140.33, -4146.29, -4122.24, -4158.65
 -4078.80, -4133.28, -4108.53, -4078.80, -4146.29, -4122.24
 -4111.53, -4133.28, -4106.41, -4111.53, -4078.80, -4146.29
 -4087.03, -4117.28, -4093.83, -4087.03, -4111.53, -4078.80
 -4106.87, -4117.28, -4101.03, -4106.87, -4087.03, -4111.53
 -4114.24, -4101.28, -4107.25, -4114.24, -4106.87, -4087.03
 -4089.35, -4101.28, -4100.57, -4089.35, -4114.24, -4106.87
 -4052.57, -4085.28, -4075.11, -4052.57, -4089.35, -4114.24
 -4061.01, -4085.28, -4062.92, -4061.01, -4052.57, -4089.35
 -4061.43, -4069.28, -4059.82, -4061.43, -4061.01, -4052.57
 -4077.40, -4069.28, -4069.35, -4077.40, -4061.43, -4061.01
 -4061.33, -4053.28, -4066.70, -4061.33, -4077.40, -4061.43
 -4064.79, -4053.28, -4065.74, -4064.79, -4061.33, -4077.40
 -4008.01, -4037.28, -4035.82, -4008.01, -4064.79, -4061.33
 -4015.38, -4037.28, -4021.16, -4015.38, -4008.01, -4064.79
 -4019.03, -4021.28, -4015.98, -4019.03, -4015.38, -4008.01
 -4051.62, -4021.28, -4034.72, -4051.62, -4019.03, -4015.38
 -3998.73, -4005.28, -4019.75, -3998.73, -4051.62, -4019.03
 -3982.06, -4005.28, -3999.21, -3982.06, -3998.73, -4051.62
 -4004.38, -3989.28, -3996.00, -4004.38, -3982.06, -3998.73
 -3959.33, -3989.28, -3978.13, -3959.33, -4004.38, -3982.06
 -3948.23, -3973.28, -3961.29, -3948.23, -3959.33, -4004.38
 -3934.88, -3973.28, -3943.41, -3934.88, -3948.23, -3959.33
 -3964.14, -3957.28, -3951.74, -3964.14, -3934.88, -3948.23
 -3944.91, -3957.28, -3949.65, -3944.91, -3964.14, -3934.88
 -3923.03, -3941.28, -3937.17, -3923.03, -3944.91, -3964.14
 -3910.28, -3941.28, -3920.30, -3910.28, -3923.03, -3944.91
 -3940.10, -3925.28, -3927.31, -3940.10, -3910.28, -3923.03
 -3915.53, -3925.28, -3922.84, -3915.53, -3940.10, -3910.28
 -3917.35, -3909.28, -3920.54, -3917.35, -3915.53, -3940.10
 -3892.10, -3909.28, -3904.42, -3892.10, -3917.35, -3915.53
 -3885.08, -3893.28, -3892.80, -3885.08, -3892.10, -3917.35
 -3873.54, -3893.28, -3880.48, -3873.54, -3885.08, -3892.10
 -3886.48, -3877.28, -3881.93, -3886.48, -3873.54, -3885.08
 -3881.24, -3877.28, -3881.70, -3881.24, -3886.48, -3873.54
 -3833.60, -3861.28, -3858.29, -3833.60, -3881.24, -3886.48
 -3824.56, -3861.28, -3837.02, -3824.56, -3833.60, -3881.24
 -3867.47, -3845.28, -3847.52, -3867.47, -3824.56, -3833.60
 -3840.96, -3845.28, -3847.06, -3840.96, -3867.47, -3824.56
 -3845.92, -3829.28, -3847.86, -3845.92, -3840.96, -3867.47
 -3818.86, -3829.28, -3831.56, -3818.86, -3845.92, -3840.96
 -3796.61, -3813.28, -3812.25, -3796.61, -3818.86, -3845.92
 -3794.44, -3813.28, -3799.24, -3794.44, -3796.61, -3818.86
 -3795.55, -3797.28, -3795.36, -3795.55, -3794.44, -3796.61
 -3788.50, -3797.28, -3791.84, -3788.50, -3795.55, -3794.44
 -3743.11, -3781.28, -3766.98, -3743.11, -3788.50, -3795.55
 -3767.15, -3781.28, -3762.70, -3767.15, -3743.11, -3788.50
 -3789.18, -3765.28, -3774.16, -3789.18, -3767.15, -3743.11
 -3755.33, -3765.28, -3768.58, -3755.33, -3789.18, -3767.15
 -3759.81, -3749.28, -3763.22, -3759.81, -3755.33, -3789.18
 -3776.01, -3749.28, -3767.16, -3776.01, -3759.81, -3755.33
 -3719.89, -3733.28, -3745.25, -3719.89, -3776.01, -3759.81
 -3717.93, -3733.28, -3728.26, -3717.93, -3719.89, -3776.01
 -3719.71, -3717.28, -3719.15, -3719.71, -3717.93, -3719.89
 -3739.91, -3717.28, -3729.51, -3739.91, -3719.71, -3717.93
 -3692.98, -3701.28, -3713.08, -3692.98, -3739.91, -3719.71
 -3690.75, -3701.28, -3699.69, -3690.75, -3692.98, -3739.91
 -3683.73, -3685.28, -3687.61, -3683.73, -3690.75, -3692.98
 -3691.86, -3685.28, -3688.96, -3691.86, -3683.73, -3690.75
 -3659.82, -3669.28, -3674.49, -3659.82, -3691.86, -3683.73
 -3712.72, -3669.28, -3691.61, -3712.72, -3659.82, -3691.86
 -3644.23, -3653.28, -3669.66, -3644.23, -3712.72, -3659.82
 -3645.28, -3653.28, -3656.17, -3645.28, -3644.23, -3712.72
 -3630.82, -3637.28, -3637.87, -3630.82, -3645.28, -3644.23
 -3668.88, -3637.28, -3652.26, -3668.88, -3630.82, -3645.28
 -3627.36, -3621.28, -3641.78, -3627.36, -3668.88, -3630.82
 -3606.90, -3621.28, -3624.05, -3606.90, -3627.36, -3668.88
 -3578.45, -3605.28, -3596.08, -3578.45, -3606.90, -3627.36
 -3623.61, -3605.28, -3605.77, -3623.61, -3578.45, -3606.90
 -3634.70, -3589.28, -3621.63, -3634.70, -3623.61, -3578.45
 -3555.31, -3589.28, -3593.16, -3555.31, -3634.70, -3623.61
 -3564.80, -3573.28, -3573.29, -3564.80, -3555.31, -3634.70
 -3581.16, -3573.28, -3571.40, -3581.16, -3564.80, -3555.31
 -3513.32, -3557.28, -3544.51, -3513.32, -3581.16, -3564.80
 -3586.88, -3557.28, -3561.40, -3586.88, -3513.32, -3581.16
 -3535.42, -3541.28, -3548.89, -3535.42, -3586.88, -3513.32
 -3531.30, -3541.28, -3541.94, -3531.30, -3535.42, -3586.88
 -3507.80, -3525.28, -3520.24, -3507.80, -3531.30, -3535.42
 -3523.52, -3525.28, -3519.58, -3523.52, -3507.80, -3531.30
 -3467.74, -3509.28, -3493.01, -3467.74, -3523.52, -3507.80
 -3480.37, -3509.28, -3483.35, -3480.37, -3467.74, -3523.52
 -3517.15, -3493.28, -3496.66, -3517.15, -3480.37, -3467.74
 -3488.46, -3493.28, -3496.68, -3488.46, -3517.15, -3480.37
 -3477.08, -3477.28, -3487.55, -3477.08, -3488.46, -3517.15
 -3480.72, -3477.28, -3480.80, -3480.72, -3477.08, -3488.46
 -3484.74, -3461.28, -3482.12, -3484.74, -3480.72, -3477.08
 -3446.64, -3461.28, -3465.02, -3446.64, -3484.74, -3480.72
 -3409.18, -3445.28, -3434.26, -3409.18, -3446.64, -3484.74
 -3447.90, -3445.28, -3434.78, -3447.90, -3409.18, -3446.64
 -3447.18, -3429.28, -3441.09, -3447.18, -3447.90, -3409.18
 -3420.03, -3429.28, -3433.73, -3420.03, -3447.18, -3447.90
 -3432.91, -3413.28, -3431.00, -3432.91, -3420.03, -3447.18
 -3397.14, -3413.28, -3412.88, -3397.14, -3432.91, -3420.03
 -3390.44, -3397.28, -3399.75, -3390.44, -3397.14, -3432.91
 -3407.02, -3397.28, -3399.85, -3407.02, -3390.44, -3397.14
 -3351.94, -3381.28, -3376.72, -3351.94, -3407.02, -3390.44
 -3371.51, -3381.28, -3370.91, -3371.51, -3351.94, -3407.02
 -3351.16, -3365.28, -3358.07, -3351.16, -3371.51, -3351.94
 -3374.63, -3365.28, -3366.29, -3374.63, -3351.16, -3371.51
 -3333.93, -3349.28, -3350.37, -3333.93, -3374.63, -3351.16
 -3360.18, -3349.28, -3353.84, -3360.18, -3333.93, -3374.63
 -3346.19, -3333.28, -3348.81, -3346.19, -3360.18, -3333.93
 -3378.24, -3333.28, -3364.55, -3378.24, -3346.19, -3360.18
 -3353.79, -3317.28, -3360.67, -3353.79, -3378.24, -3346.19
 -3322.45, -3317.28, -3342.19, -3322.45, -3353.79, -3378.24
 -3298.67, -3301.28, -3315.78, -3298.67, -3322.45, -3353.79
 -3273.92, -3301.28, -3290.26, -3273.92, -3298.67, -3322.45
 -3284.40, -3285.28, -3283.28, -3284.40, -3273.92, -3298.67
 -3310.97, -3285.28, -3295.94, -3310.97, -3284.40, -3273.92
 -3286.39, -3269.28, -3294.25, -3286.39, -3310.97, -3284.40
 -3238.93, -3269.28, -3266.75, -3238.93, -3286.39, -3310.97
 -3246.65, -3253.28, -3250.70, -3246.65, -3238.93, -3286.39
 -3231.86, -3253.28, -3237.97, -3231.86, -3246.65, -3238.93
 -3237.06, -3237.28, -3236.92, -3237.06, -3231.86, -3246.65
 -3291.70, -3237.28, -3263.51, -3291.70, -3237.06, -3231.86
 -3227.02, -3221.28, -3250.26, -3227.02, -3291.70, -3237.06
 -3212.63, -3221.28, -3230.61, -3212.63, -3227.02, -3291.70
 -3212.99, -3205.28, -3215.21, -3212.99, -3212.63, -3227.02
 -3212.36, -3205.28, -3212.61, -3212.36, -3212.99, -3212.63
 -3174.48, -3189.28, -3193.53, -3174.48, -3212.36, -3212.99
 -3166.71, -3189.28, -3176.91, -3166.71, -3174.48, -3212.36
 -3139.50, -3173.28, -3154.40, -3139.50, -3166.71, -3174.48
 -3173.08, -3173.28, -3160.82, -3173.08, -3139.50, -3166.71
 -3161.93, -3157.28, -3161.90, -3161.93, -3173.08, -3139.50
 -3171.66, -3157.28, -3168.65, -3171.66, -3161.93, -3173.08
 -3138.76, -3141.28, -3153.59, -3138.76, -3171.66, -3161.93
 -3185.66, -3141.28, -3167.69, -3185.66, -3138.76, -3171.66
 -3108.69, -3125.28, -3139.36, -3108.69, -3185.66, -3138.76
 -3097.60, -3125.28, -3115.97, -3097.60, -3108.69, -3185.66
 -3110.46, -3109.28, -3105.88, -3110.46, -3097.60, -3108.69
 -3127.76, -3109.28, -3116.97, -3127.76, -3110.46, -3097.60
 -3092.87, -3093.28, -3107.43, -3092.87, -3127.76, -3110.46
 -3105.38, -3093.28, -3104.94, -3105.38, -3092.87, -3127.76
 -3119.46, -3077.28, -3110.33, -3119.46, -3105.38, -3092.87
 -3085.66, -3077.28, -3100.21, -3085.66, -3119.46, -3105.38
 -3057.33, -3061.28, -3077.13, -3057.33, -3085.66, -3119.46
 -3043.53, -3061.28, -3055.15, -3043.53, -3057.33, -3085.66
 -3050.74, -3045.28, -3049.44, -3050.74, -3043.53, -3057.33
 -3041.49, -3045.28, -3044.91, -3041.49, -3050.74, -3043.53
 -3057.83, -3029.28, -3051.20, -3057.83, -3041.49, -3050.74
 -3051.25, -3029.28, -3051.82, -3051.25, -3057.83, -3041.49
 -3023.55, -3013.28, -3038.50, -3023.55, -3051.25, -3057.83
 -3044.53, -3013.28, -3038.65, -3044.53, -3023.55, -3051.25
 -2979.58, -2997.28, -3008.56, -2979.58, -3044.53, -3023.55
 -2994.83, -2997.28, -2998.03, -2994.83, -2979.58, -3044.53
 -2961.01, -2981.28, -2975.38, -2961.01, -2994.83, -2979.58
 -2961.39, -2981.28, -2966.84, -2961.39, -2961.01, -2994.83
 -2982.92, -2965.28, -2972.09, -2982.92, -2961.39, -2961.01
 -2957.29, -2965.28, -2966.52, -2957.29, -2982.92, -2961.39
 -2960.30, -2949.28, -2963.07, -2960.30, -2957.29, -2982.92
 -2931.70, -2949.28, -2945.50, -2931.70, -2960.30, -2957.29
 -2944.16, -2933.28, -2942.70, -2944.16, -2931.70, -2960.30
 -2923.81, -2933.28, -2931.91, -2923.81, -2944.16, -2931.70
 -2941.11, -2917.28, -2935.85, -2941.11, -2923.81, -2944.16
 -2925.84, -2917.28, -2930.59, -2925.84, -2941.11, -2923.81
 -2888.07, -2901.28, -2909.50, -2888.07, -2925.84, -2941.11
 -2887.84, -2901.28, -2894.25, -2887.84, -2888.07, -2925.84
 -2870.66, -2885.28, -2879.29, -2870.66, -2887.84, -2888.07
 -2874.15, -2885.28, -2875.27, -2874.15, -2870.66, -2887.84
 -2845.67, -2869.28, -2859.33, -2845.67, -2874.15, -2870.66
 -2880.42, -2869.28, -2867.79, -2880.42, -2845.67, -2874.15
 -2858.34, -2853.28, -2863.59, -2858.34, -2880.42, -2845.67
 -2826.52, -2853.28, -2846.11, -2826.52, -2858.34, -2880.42
 -2841.56, -2837.28, -2839.34, -2841.56, -2826.52, -2858.34
 -2826.19, -2837.28, -2831.37, -2826.19, -2841.56, -2826.52
 -2851.04, -2821.28, -2841.17, -2851.04, -2826.19, -2841.56
 -2810.28, -2821.28, -2826.52, -2810.28, -2851.04, -2826.19
 -2805.23, -2805.28, -2814.55, -2805.23, -2810.28, -2851.04
 -2800.28, -2805.28, -2803.59, -2800.28, -2805.23, -2810.28
 -2796.75, -2789.28, -2799.34, -2796.75, -2800.28, -2805.23
 -2797.77, -2789.28, -2797.85, -2797.77, -2796.75, -2800.28
 -2796.49, -2773.28, -2796.96, -2796.49, -2797.77, -2796.75
 -2777.64, -2773.28, -2787.28, -2777.64, -2796.49, -2797.77
 -2786.90, -2757.28, -2785.41, -2786.90, -2777.64, -2796.49
 -2768.02, -2757.28, -2775.92, -2768.02, -2786.90, -2777.64
 -2791.76, -2741.28, -2783.03, -2791.76, -2768.02, -2786.90
 -2736.01, -2741.28, -2759.93, -2736.01, -2791.76, -2768.02
 -2741.14, -2725.28, -2747.87, -2741.14, -2736.01, -2791.76
 -2708.41, -2725.28, -2723.92, -2708.41, -2741.14, -2736.01
 -2706.21, -2709.28, -2712.76, -2706.21, -2708.41, -2741.14
 -2766.65, -2709.28, -2736.79, -2766.65, -2706.21, -2708.41
 -2669.58, -2693.28, -2708.04, -2669.58, -2766.65, -2706.21
 -2705.73, -2693.28, -2703.83, -2705.73, -2669.58, -2766.65
 -2696.44, -2677.28, -2695.06, -2696.44, -2705.73, -2669.58
 -2693.32, -2677.28, -2696.43, -2693.32, -2696.44, -2705.73
 -2662.18, -2661.28, -2678.27, -2662.18, -2693.32, -2696.44
 -2653.59, -2661.28, -2663.07, -2653.59, -2662.18, -2693.32
 -2621.49, -2645.28, -2638.97, -2621.49, -2653.59, -2662.18
 -2659.62, -2645.28, -2645.91, -2659.62, -2621.49, -2653.59
 -2604.94, -2629.28, -2625.93, -2604.94, -2659.62, -2621.49
 -2635.80, -2629.28, -2629.49, -2635.80, -2604.94, -2659.62
 -2626.94, -2613.28, -2626.23, -2626.94, -2635.80, -2604.94
 -2623.32, -2613.28, -2626.61, -2623.32, -2626.94, -2635.80
 -2601.16, -2597.28, -2612.84, -2601.16, -2623.32, -2626.94
 -2592.60, -2597.28, -2600.57, -2592.60, -2601.16, -2623.32
 -2608.96, -2581.28, -2602.20, -2608.96, -2592.60, -2601.16
 -2595.50, -2581.28, -2599.50, -2595.50, -2608.96, -2592.60
 -2577.24, -2565.28, -2588.61, -2577.24, -2595.50, -2608.96
 -2572.00, -2565.28, -2577.66, -2572.00, -2577.24, -2595.50
 -2564.84, -2549.28, -2569.30, -2564.84, -2572.00, -2577.24
 -2558.46, -2549.28, -2562.85, -2558.46, -2564.84, -2572.00
 -2569.90, -2533.28, -2565.25, -2569.90, -2558.46, -2564.84
 -2551.69, -2533.28, -2558.89, -2551.69, -2569.90, -2558.46
 -2533.85, -2517.28, -2545.80, -2533.85, -2551.69, -2569.90
 -2481.65, -2517.28, -2510.72, -2481.65, -2533.85, -2551.69
 -2497.30, -2501.28, -2498.18, -2497.30, -2481.65, -2533.85
 -2492.61, -2501.28, -2492.35, -2492.61, -2497.30, -2481.65
 -2497.30, -2485.28, -2495.74, -2497.30, -2492.61, -2497.30
 -2460.39, -2485.28, -2478.06, -2460.39, -2497.30, -2492.61
 -2460.33, -2469.28, -2466.51, -2460.33, -2460.39, -2497.30
 -2436.33, -2469.28, -2448.34, -2436.33, -2460.33, -2460.39
 -2455.76, -2453.28, -2450.04, -2455.76, -2436.33, -2460.33
 -2456.04, -2453.28, -2452.66, -2456.04, -2455.76, -2436.33
 -2439.76, -2437.28, -2447.85, -2439.76, -2456.04, -2455.76
 -2420.82, -2437.28, -2433.00, -2420.82, -2439.76, -2456.04
 -2409.85, -2421.28, -2418.49, -2409.85, -2420.82, -2439.76
 -2423.97, -2421.28, -2418.74, -2423.97, -2409.85, -2420.82
 -2399.72, -2405.28, -2409.49, -2399.72, -2423.97, -2409.85
 -2408.70, -2405.28, -2408.25, -2408.70, -2399.72, -2423.97
 -2409.15, -2389.28, -2407.43, -2409.15, -2408.70, -2399.72
 -2415.04, -2389.28, -2412.02, -2415.04, -2409.15, -2408.70
 -2376.14, -2373.28, -2394.61, -2376.14, -2415.04, -2409.15
 -2360.24, -2373.28, -2374.67, -2360.24, -2376.14, -2415.04
 -2303.29, -2357.28, -2334.42, -2303.29, -2360.24, -2376.14
 -2338.89, -2357.28, -2330.58, -2338.89, -2303.29, -2360.24
 -2381.66, -2341.28, -2354.34, -2381.66, -2338.89, -2303.29
 -2392.66, -2341.28, -2380.03, -2392.66, -2381.66, -2338.89
 -2307.26, -2325.28, -2348.13, -2307.26, -2392.66, -2381.66
 -2297.20, -2325.28, -2316.46, -2297.20, -2307.26, -2392.66
 -2327.14, -2309.28, -2313.85, -2327.14, -2297.20, -2307.26
 -2312.16, -2309.28, -2314.66, -2312.16, -2327.14, -2297.20
 -2268.58, -2293.28, -2292.87, -2268.58, -2312.16, -2327.14
 -2271.68, -2293.28, -2277.39, -2271.68, -2268.58, -2312.16
 -2278.86, -2277.28, -2274.76, -2278.86, -2271.68, -2268.58
 -2269.53, -2277.28, -2273.00, -2269.53, -2278.86, -2271.68
 -2237.98, -2261.28, -2255.31, -2237.98, -2269.53, -2278.86
 -2229.09, -2261.28, -2238.79, -2229.09, -2237.98, -2269.53
 -2228.37, -2245.28, -2230.21, -2228.37, -2229.09, -2237.98
 -2214.94, -2245.28, -2221.77, -2214.94, -2228.37, -2229.09
 -2240.23, -2229.28, -2229.82, -2240.23, -2214.94, -2228.37
 -2244.98, -2229.28, -2238.39, -2244.98, -2240.23, -2214.94
 -2226.42, -2213.28, -2234.91, -2226.42, -2244.98, -2240.23
 -2206.68, -2213.28, -2219.64, -2206.68, -2226.42, -2244.98
 -2208.75, -2197.28, -2211.00, -2208.75, -2206.68, -2226.42
 -2180.02, -2197.28, -2194.04, -2180.02, -2208.75, -2206.68
 -2214.56, -2181.28, -2202.08, -2214.56, -2180.02, -2208.75
 -2182.65, -2181.28, -2192.85, -2182.65, -2214.56, -2180.02
 -2147.18, -2165.28, -2170.23, -2147.18, -2182.65, -2214.56
 -2146.72, -2165.28, -2152.86, -2146.72, -2147.18, -2182.65
 -2153.78, -2149.28, -2150.33, -2153.78, -2146.72, -2147.18
 -2165.73, -2149.28, -2158.58, -2165.73, -2153.78, -2146.72
 -2126.64, -2133.28, -2144.19, -2126.64, -2165.73, -2153.78
 -2150.72, -2133.28, -2145.20, -2150.72, -2126.64, -2165.73
 -2096.88, -2117.28, -2119.78, -2096.88, -2150.72, -2126.64
 -2153.04, -2117.28, -2133.93, -2153.04, -2096.88, -2150.72
 -2099.73, -2101.28, -2117.03, -2099.73, -2153.04, -2096.88
 -2123.84, -2101.28, -2120.67, -2123.84, -2099.73, -2153.04
 -2075.40, -2085.28, -2095.60, -2075.40, -2123.84, -2099.73
 -2033.04, -2085.28, -2062.29, -2033.04, -2075.40, -2123.84
 -2094.31, -2069.28, -2070.74, -2094.31, -2033.04, -2075.40
 -2082.82, -2069.28, -2078.35, -2082.82, -2094.31, -2033.04
 -2086.35, -2053.28, -2086.50, -2086.35, -2082.82, -2094.31
 -2036.67, -2053.28, -2060.92, -2036.67, -2086.35, -2082.82
 -2046.55, -2037.28, -2049.89, -2046.55, -2036.67, -2086.35
 -2043.05, -2037.28, -2043.16, -2043.05, -2046.55, -2036.67
 -2012.80, -2021.28, -2028.51, -2012.80, -2043.05, -2046.55
 -2019.35, -2021.28, -2021.12, -2019.35, -2012.80, -2043.05
 -1968.08, -2005.28, -1992.62, -1968.08, -2019.35, -2012.80
 -1993.12, -2005.28, -1989.14, -1993.12, -1968.08, -2019.35
 -1950.14, -1989.28, -1967.45, -1950.14, -1993.12, -1968.08
 -2000.56, -1989.28, -1982.51, -2000.56, -1950.14, -1993.12
 -1973.65, -1973.28, -1978.70, -1973.65, -2000.56, -1950.14
 -1956.65, -1973.28, -1969.63, -1956.65, -1973.65, -2000.56
 -1947.82, -1957.28, -1955.07, -1947.82, -1956.65, -1973.65
 -1970.72, -1957.28, -1960.74, -1970.72, -1947.82, -1956.65
 -1954.54, -1941.28, -1958.82, -1954.54, -1970.72, -1947.82
 -1945.28, -1941.28, -1952.61, -1945.28, -1954.54, -1970.72
 -1932.36, -1925.28, -1940.36, -1932.36, -1945.28, -1954.54
 -1934.67, -1925.28, -1935.67, -1934.67, -1932.36, -1945.28
 -1936.99, -1909.28, -1935.44, -1936.99, -1934.67, -1932.36
 -1905.82, -1909.28, -1921.02, -1905.82, -1936.99, -1934.67
 -1906.89, -1893.28, -1911.55, -1906.89, -1905.82, -1936.99
 -1930.34, -1893.28, -1918.44, -1930.34, -1906.89, -1905.82
 -1891.78, -1877.28, -1907.15, -1891.78, -1930.34, -1906.89
 -1850.93, -1877.28, -1877.78, -1850.93, -1891.78, -1930.34
 -1851.52, -1861.28, -1858.03, -1851.52, -1850.93, -1891.78
 -1853.78, -1861.28, -1852.55, -1853.78, -1851.52, -1850.93
 -1872.93, -1845.28, -1862.98, -1872.93, -1853.78, -1851.52
 -1856.73, -1845.28, -1861.64, -1856.73, -1872.93, -1853.78
 -1818.62, -1829.28, -1840.37, -1818.62, -1856.73, -1872.93
 -1818.41, -1829.28, -1824.86, -1818.41, -1818.62, -1856.73
 -1803.53, -1813.28, -1811.01, -1803.53, -1818.41, -1818.62
 -1801.85, -1813.28, -1805.17, -1801.85, -1803.53, -1818.41
 -1786.73, -1797.28, -1794.57, -1786.73, -1801.85, -1803.53
 -1786.85, -1797.28, -1789.31, -1786.85, -1786.73, -1801.85
 -1777.46, -1781.28, -1782.13, -1777.46, -1786.85, -1786.73
 -1786.57, -1781.28, -1783.58, -1786.57, -1777.46, -1786.85
 -1787.40, -1765.28, -1785.47, -1787.40, -1786.57, -1777.46
 -1759.85, -1765.28, -1773.49, -1759.85, -1787.40, -1786.57
 -1733.99, -1749.28, -1751.52, -1733.99, -1759.85, -1787.40
 -1725.79, -1749.28, -1734.20, -1725.79, -1733.99, -1759.85
 -1719.81, -1733.28, -1724.17, -1719.81, -1725.79, -1733.99
 -1750.96, -1733.28, -1736.38, -1750.96, -1719.81, -1725.79
 -1751.06, -1717.28, -1745.82, -1751.06, -1750.96, -1719.81
 -1692.49, -1717.28, -1721.76, -1692.49, -1751.06, -1750.96
 -1673.56, -1701.28, -1692.79, -1673.56, -1692.49, -1751.06
 -1701.54, -1701.28, -1690.71, -1701.54, -1673.56, -1692.49
 -1702.83, -1685.28, -1697.52, -1702.83, -1701.54, -1673.56
 -1702.74, -1685.28, -1702.57, -1702.74, -1702.83, -1701.54
 -1676.42, -1669.28, -1689.60, -1676.42, -1702.74, -1702.83
 -1650.32, -1669.28, -1667.76, -1650.32, -1676.42, -1702.74
 -1617.05, -1653.28, -1638.04, -1617.05, -1650.32, -1676.42
 -1673.21, -1653.28, -1650.67, -1673.21, -1617.05, -1650.32
 -1622.22, -1637.28, -1638.35, -1622.22, -1673.21, -1617.05
 -1661.30, -1637.28, -1650.26, -1661.30, -1622.22, -1673.21
 -1641.12, -1621.28, -1644.70, -1641.12, -1661.30, -1622.22
 -1612.53, -1621.28, -1630.19, -1612.53, -1641.12, -1661.30
 -1589.36, -1605.28, -1605.71, -1589.36, -1612.53, -1641.12
 -1557.06, -1605.28, -1577.07, -1557.06, -1589.36, -1612.53
 -1605.27, -1589.28, -1586.55, -1605.27, -1557.06, -1589.36
 -1585.36, -1589.28, -1587.28, -1585.36, -1605.27, -1557.06
 -1549.07, -1573.28, -1570.53, -1549.07, -1585.36, -1605.27
 -1571.65, -1573.28, -1566.41, -1571.65, -1549.07, -1585.36
 -1532.05, -1557.28, -1548.08, -1532.05, -1571.65, -1549.07
 -1567.66, -1557.28, -1556.45, -1567.66, -1532.05, -1571.65
 -1551.58, -1541.28, -1553.68, -1551.58, -1567.66, -1532.05
 -1548.88, -1541.28, -1552.91, -1548.88, -1551.58, -1567.66
 -1526.08, -1525.28, -1537.93, -1526.08, -1548.88, -1551.58
 -1543.26, -1525.28, -1538.47, -1543.26, -1526.08, -1548.88
 -1488.24, -1509.28, -1512.88, -1488.24, -1543.26, -1526.08
 -1543.91, -1509.28, -1525.24, -1543.91, -1488.24, -1543.26
 -1509.74, -1493.28, -1517.55, -1509.74, -1543.91, -1488.24
 -1488.83, -1493.28, -1504.98, -1488.83, -1509.74, -1543.91
 -1462.39, -1477.28, -1479.10, -1462.39, -1488.83, -1509.74
 -1456.59, -1477.28, -1463.90, -1456.59, -1462.39, -1488.83
 -1459.64, -1461.28, -1459.08, -1459.64, -1456.59, -1462.39
 -1431.38, -1461.28, -1445.00, -1431.38, -1459.64, -1456.59
 -1460.05, -1445.28, -1450.42, -1460.05, -1431.38, -1459.64
 -1484.58, -1445.28, -1467.54, -1484.58, -1460.05, -1431.38
 -1442.70, -1429.28, -1459.55, -1442.70, -1484.58, -1460.05
 -1409.69, -1429.28, -1433.17, -1409.69, -1442.70, -1484.58
 -1395.06, -1413.28, -1407.88, -1395.06, -1409.69, -1442.70
 -1413.81, -1413.28, -1406.87, -1413.81, -1395.06, -1409.69
 -1412.04, -1397.28, -1409.80, -1412.04, -1413.81, -1395.06
 -1400.36, -1397.28, -1406.50, -1400.36, -1412.04, -1413.81
 -1378.14, -1381.28, -1391.20, -1378.14, -1400.36, -1412.04
 -1390.25, -1381.28, -1387.90, -1390.25, -1378.14, -1400.36
 -1350.44, -1365.28, -1368.32, -1350.44, -1390.25, -1378.14
 -1358.01, -1365.28, -1360.86, -1358.01, -1350.44, -1390.25
 -1313.26, -1349.28, -1334.37, -1313.26, -1358.01, -1350.44
 -1326.71, -1349.28, -1327.44, -1326.71, -1313.26, -1358.01
 -1351.22, -1333.28, -1336.72, -1351.22, -1326.71, -1313.26
 -1362.82, -1333.28, -1352.94, -1362.82, -1351.22, -1326.71
 -1296.20, -1317.28, -1327.58, -1296.20, -1362.82, -1351.22
 -1310.30, -1317.28, -1314.35, -1310.30, -1296.20, -1362.82
 -1302.25, -1301.28, -1303.93, -1302.25, -1310.30, -1296.20
 -1284.72, -1301.28, -1294.83, -1284.72, -1302.25, -1310.30
 -1271.06, -1285.28, -1280.81, -1271.06, -1284.72, -1302.25
 -1239.87, -1285.28, -1257.74, -1239.87, -1271.06, -1284.72
 -1282.08, -1269.28, -1266.17, -1282.08, -1239.87, -1271.06
 -1235.49, -1269.28, -1251.75, -1235.49, -1282.08, -1239.87
 -1248.10, -1253.28, -1249.56, -1248.10, -1235.49, -1282.08
 -1221.53, -1253.28, -1232.71, -1221.53, -1248.10, -1235.49
 -1232.87, -1237.28, -1231.63, -1232.87, -1221.53, -1248.10
 -1245.37, -1237.28, -1237.23, -1245.37, -1232.87, -1221.53
 -1221.07, -1221.28, -1231.14, -1221.07, -1245.37, -1232.87
 -1235.31, -1221.28, -1232.24, -1235.31, -1221.07, -1245.37
 -1188.02, -1205.28, -1209.29, -1188.02, -1235.31, -1221.07
 -1234.34, -1205.28, -1219.06, -1234.34, -1188.02, -1235.31
 -1196.30, -1189.28, -1207.60, -1196.30, -1234.34, -1188.02
 -1171.84, -1189.28, -1190.41, -1171.84, -1196.30, -1234.34
 -1172.69, -1173.28, -1176.34, -1172.69, -1171.84, -1196.30
 -1156.41, -1173.28, -1164.41, -1156.41, -1172.69, -1171.84
 -1156.37, -1157.28, -1159.10, -1156.37, -1156.41, -1172.69
 -1151.97, -1157.28, -1154.18, -1151.97, -1156.37, -1156.41
 -1158.67, -1141.28, -1156.05, -1158.67, -1151.97, -1156.37
 -1137.92, -1141.28, -1147.18, -1137.92, -1158.67, -1151.97
 -1121.08, -1125.28, -1132.96, -1121.08, -1137.92, -1158.67
 -1133.38, -1125.28, -1130.04, -1133.38, -1121.08, -1137.92
 -1114.85, -1109.28, -1122.07, -1114.85, -1133.38, -1121.08
 -1122.10, -1109.28, -1121.56, -1122.10, -1114.85, -1133.38
 -1114.83, -1093.28, -1117.26, -1114.83, -1122.10, -1114.85
 -1128.33, -1093.28, -1122.79, -1128.33, -1114.83, -1122.10
 -1076.09, -1077.28, -1099.96, -1076.09, -1128.33, -1114.83
 -1046.32, -1077.28, -1069.91, -1046.32, -1076.09, -1128.33
 -1063.37, -1061.28, -1059.81, -1063.37, -1046.32, -1076.09
 -1051.79, -1061.28, -1054.74, -1051.79, -1063.37, -1046.32
 -1057.72, -1045.28, -1056.68, -1057.72, -1051.79, -1063.37
 -1023.30, -1045.28, -1039.52, -1023.30, -1057.72, -1051.79
  -993.83, -1029.28, -1014.30,  -993.83, -1023.30, -1057.72
 -1041.08, -1029.28, -1022.37, -1041.08,  -993.83, -1023.30
 -1017.88, -1013.28, -1021.61, -1017.88, -1041.08,  -993.83
 -1033.66, -1013.28, -1029.64, -1033.66, -1017.88, -1041.08
  -983.93,  -997.28, -1006.16,  -983.93, -1033.66, -1017.88
  -958.56,  -997.28,  -979.53,  -958.56,  -983.93, -1033.66
  -975.07,  -981.28,  -971.04,  -975.07,  -958.56,  -983.93
  -995.02,  -981.28,  -982.29,  -995.02,  -975.07,  -958.56
  -991.37,  -965.28,  -989.87,  -991.37,  -995.02,  -975.07
  -934.09,  -965.28,  -963.34,  -934.09,  -991.37,  -995.02
  -948.61,  -949.28,  -950.90,  -948.61,  -934.09,  -991.37
  -947.36,  -949.28,  -945.56,  -947.36,  -948.61,  -934.09
  -912.74,  -933.28,  -930.26,  -912.74,  -947.36,  -948.61
  -920.84,  -933.28,  -922.56,  -920.84,  -912.74,  -947.36
  -906.52,  -917.28,  -912.33,  -906.52,  -920.84,  -912.74
  -906.25,  -917.28,  -908.77,  -906.25,  -906.52,  -920.84
  -914.50,  -901.28,  -910.42,  -914.50,  -906.25,  -906.52
  -888.05,  -901.28,  -899.90,  -888.05,  -914.50,  -906.25
  -899.23,  -885.28,  -898.05,  -899.23,  -888.05,  -914.50
  -916.18,  -885.28,  -905.84,  -916.18,  -899.23,  -888.05
  -852.06,  -869.28,  -881.29,  -852.06,  -916.18,  -899.23
  -890.69,  -869.28,  -882.06,  -890.69,  -852.06,  -916.18
  -827.10,  -853.28,  -852.45,  -827.10,  -890.69,  -852.06
  -844.77,  -853.28,  -846.53,  -844.77,  -827.10,  -890.69
  -834.38,  -837.28,  -836.63,  -834.38,  -844.77,  -827.10
  -806.28,  -837.28,  -822.06,  -806.28,  -834.38,  -844.77
  -810.36,  -821.28,  -813.00,  -810.36,  -806.28,  -834.38
  -850.64,  -821.28,  -829.82,  -850.64,  -810.36,  -806.28
  -807.79,  -805.28,  -822.50,  -807.79,  -850.64,  -810.36
  -824.35,  -805.28,  -823.21,  -824.35,  -807.79,  -850.64
  -819.31,  -789.28,  -819.07,  -819.31,  -824.35,  -807.79
  -788.79,  -789.28,  -804.89,  -788.79,  -819.31,  -824.35
  -786.92,  -773.28,  -792.94,  -786.92,  -788.79,  -819.31
  -768.24,  -773.28,  -777.89,  -768.24,  -786.92,  -788.79
  -747.81,  -757.28,  -761.14,  -747.81,  -768.24,  -786.92
  -796.93,  -757.28,  -775.78,  -796.93,  -747.81,  -768.24
  -729.51,  -741.28,  -755.03,  -729.51,  -796.93,  -747.81
  -748.76,  -741.28,  -750.37,  -748.76,  -729.51,  -796.93
  -798.17,  -725.28,  -770.26,  -798.17,  -748.76,  -729.51
  -708.50,  -725.28,  -745.10,  -708.50,  -798.17,  -748.76
  -689.48,  -709.28,  -713.93,  -689.48,  -708.50,  -798.17
  -689.39,  -709.28,  -692.60,  -689.39,  -689.48,  -708.50
  -650.89,  -693.28,  -670.15,  -650.89,  -689.39,  -689.48
  -669.18,  -693.28,  -666.45,  -669.18,  -650.89,  -689.39
  -699.55,  -677.28,  -681.31,  -699.55,  -669.18,  -650.89
  -708.86,  -677.28,  -699.14,  -708.86,  -699.55,  -669.18
  -650.03,  -661.28,  -677.89,  -650.03,  -708.86,  -699.55
  -651.66,  -661.28,  -660.65,  -651.66,  -650.03,  -708.86
  -678.91,  -645.28,  -665.02,  -678.91,  -651.66,  -650.03
  -661.67,  -645.28,  -665.75,  -661.67,  -678.91,  -651.66
  -620.18,  -629.28,  -643.80,  -620.18,  -661.67,  -678.91
  -627.13,  -629.28,  -630.57,  -627.13,  -620.18,  -661.67
  -631.98,  -613.28,  -628.40,  -631.98,  -627.13,  -620.18
  -622.14,  -613.28,  -626.25,  -622.14,  -631.98,  -627.13
  -601.32,  -597.28,  -613.37,  -601.32,  -622.14,  -631.98
  -594.57,  -597.28,  -601.42,  -594.57,  -601.32,  -622.14
  -561.57,  -581.28,  -579.19,  -561.57,  -594.57,  -601.32
  -535.88,  -581.28,  -554.22,  -535.88,  -561.57,  -594.57
  -554.40,  -565.28,  -549.42,  -554.40,  -535.88,  -561.57
  -550.23,  -565.28,  -549.23,  -550.23,  -554.40,  -535.88
  -554.93,  -549.28,  -553.28,  -554.93,  -550.23,  -554.40
  -535.05,  -549.28,  -544.21,  -535.05,  -554.93,  -550.23
  -538.65,  -533.28,  -540.16,  -538.65,  -535.05,  -554.93
  -536.70,  -533.28,  -537.08,  -536.70,  -538.65,  -535.05
  -517.36,  -517.28,  -527.36,  -517.36,  -536.70,  -538.65
  -523.39,  -517.28,  -523.60,  -523.39,  -517.36,  -536.70
  -471.50,  -501.28,  -496.44,  -471.50,  -523.39,  -517.36
  -522.98,  -501.28,  -505.89,  -522.98,  -471.50,  -523.39
  -481.32,  -485.28,  -493.57,  -481.32,  -522.98,  -471.50
  -523.42,  -485.28,  -509.32,  -523.42,  -481.32,  -522.98
  -468.36,  -469.28,  -488.88,  -468.36,  -523.42,  -481.32
  -506.54,  -469.28,  -496.63,  -506.54,  -468.36,  -523.42
  -441.15,  -453.28,  -467.48,  -441.15,  -506.54,  -468.36
  -451.18,  -453.28,  -457.06,  -451.18,  -441.15,  -506.54
  -460.58,  -437.28,  -454.21,  -460.58,  -451.18,  -441.15
  -461.57,  -437.28,  -459.51,  -461.57,  -460.58,  -451.18
  -443.59,  -421.28,  -452.41,  -443.59,  -461.57,  -460.58
  -421.49,  -421.28,  -435.53,  -421.49,  -443.59,  -461.57
  -393.45,  -405.28,  -411.15,  -393.45,  -421.49,  -443.59
  -383.30,  -405.28,  -393.05,  -383.30,  -393.45,  -421.49
  -341.11,  -389.28,  -363.90,  -341.11,  -383.30,  -393.45
  -380.98,  -389.28,  -368.08,  -380.98,  -341.11,  -383.30
  -378.47,  -373.28,  -373.08,  -378.47,  -380.98,  -341.11
  -388.73,  -373.28,  -384.02,  -388.73,  -378.47,  -380.98
  -317.29,  -357.28,  -351.30,  -317.29,  -388.73,  -378.47
  -336.50,  -357.28,  -338.80,  -336.50,  -317.29,  -388.73
  -352.32,  -341.28,  -341.21,  -352.32,  -336.50,  -317.29
  -326.68,  -341.28,  -336.86,  -326.68,  -352.32,  -336.50
  -314.91,  -325.28,  -325.07,  -314.91,  -326.68,  -352.32
  -356.87,  -325.28,  -337.85,  -356.87,  -314.91,  -326.68
  -309.18,  -309.28,  -326.03,  -309.18,  -356.87,  -314.91
  -323.38,  -309.28,  -324.23,  -323.38,  -309.18,  -356.87
  -306.28,  -293.28,  -312.46,  -306.28,  -323.38,  -309.18
  -295.65,  -293.28,  -303.81,  -295.65,  -306.28,  -323.38
  -256.27,  -277.28,  -277.73,  -256.27,  -295.65,  -306.28
  -263.63,  -277.28,  -266.51,  -263.63,  -256.27,  -295.65
  -278.08,  -261.28,  -269.63,  -278.08,  -263.63,  -256.27
  -326.35,  -261.28,  -299.80,  -326.35,  -278.08,  -263.63
  -243.40,  -245.28,  -276.83,  -243.40,  -326.35,  -278.08
  -252.23,  -245.28,  -261.64,  -252.23,  -243.40,  -326.35
  -230.11,  -229.28,  -239.70,  -230.11,  -252.23,  -243.40
  -236.53,  -229.28,  -237.01,  -236.53,  -230.11,  -252.23
  -207.82,  -213.28,  -221.10,  -207.82,  -236.53,  -230.11
  -207.47,  -213.28,  -212.43,  -207.47,  -207.82,  -236.53
  -195.70,  -197.28,  -201.65,  -195.70,  -207.47,  -207.82
  -162.64,  -197.28,  -181.13,  -162.64,  -195.70,  -207.47
  -197.39,  -197.28,  -185.53,  -197.39,  -162.64,  -195.70
  -170.10,  -197.28,  -177.95,  -170.10,  -197.39,  -162.64
  -196.55,  -181.28,  -187.87,  -196.55,  -170.10,  -197.39
  -183.37,  -181.28,  -185.55,  -183.37,  -196.55,  -170.10
  -211.82,  -181.28,  -199.79,  -211.82,  -183.37,  -196.55
  -190.36,  -181.28,  -196.35,  -190.36,  -211.82,  -183.37
  -161.22,  -165.28,  -179.37,  -161.22,  -190.36,  -211.82
  -162.04,  -165.28,  -166.49,  -162.04,  -161.22,  -190.36
  -176.47,  -165.28,  -169.12,  -176.47,  -162.04,  -161.22
  -158.25,  -165.28,  -164.95,  -158.25,  -176.47,  -162.04
  -166.54,  -149.28,  -165.43,  -166.54,  -158.25,  -176.47
  -134.14,  -149.28,  -148.96,  -134.14,  -166.54,  -158.25
  -125.00,  -149.28,  -134.97,  -125.00,  -134.14,  -166.54
  -178.58,  -149.28,  -153.32,  -178.58,  -125.00,  -134.14
  -142.46,  -133.28,  -151.59,  -142.46,  -178.58,  -125.00
  -127.07,  -133.28,  -140.79,  -127.07,  -142.46,  -178.58
  -139.11,  -133.28,  -135.66,  -139.11,  -127.07,  -142.46
  -111.81,  -133.28,  -123.46,  -111.81,  -139.11,  -127.07
  -146.15,  -117.28,  -133.53,  -146.15,  -111.81,  -139.11
  -121.67,  -117.28,  -128.18,  -121.67,  -146.15,  -111.81
  -116.38,  -117.28,  -123.10,  -116.38,  -121.67,  -146.15
  -110.11,  -117.28,  -114.12,  -110.11,  -116.38,  -121.67
  -102.82,  -101.28,  -107.51,  -102.82,  -110.11,  -116.38
  -122.07,  -101.28,  -113.66,  -122.07,  -102.82,  -110.11
   -86.57,  -101.28,  -101.11,   -86.57,  -122.07,  -102.82
  -126.64,  -101.28,  -112.52,  -126.64,   -86.57,  -122.07
   -84.33,   -85.28,   -98.81,   -84.33,  -126.64,   -86.57
   -55.29,   -85.28,   -76.87,   -55.29,   -84.33,  -126.64
   -51.62,   -85.28,   -58.30,   -51.62,   -55.29,   -84.33
   -66.32,   -85.28,   -59.58,   -66.32,   -51.62,   -55.29
   -99.42,   -69.28,   -80.42,   -99.42,   -66.32,   -51.62
   -74.27,   -69.28,   -81.33,   -74.27,   -99.42,   -66.32
   -34.03,   -69.28,   -58.34,   -34.03,   -74.27,   -99.42
   -46.55,   -69.28,   -47.00,   -46.55,   -34.03,   -74.27
   -61.44,   -53.28,   -51.91,   -61.44,   -46.55,   -34.03
   -48.96,   -53.28,   -52.72,   -48.96,   -61.44,   -46.55
   -44.16,   -53.28,   -48.64,   -44.16,   -48.96,   -61.44
   -15.19,   -53.28,   -30.48,   -15.19,   -44.16,   -48.96
   -71.80,   -37.28,   -48.33,   -71.80,   -15.19,   -44.16
   -43.25,   -37.28,   -48.09,   -43.25,   -71.80,   -15.19
   -47.45,   -37.28,   -50.11,   -47.45,   -43.25,   -71.80
    -6.22,   -37.28,   -26.14,    -6.22,   -47.45,   -43.25
   -16.68,   -21.28,   -18.32,   -16.68,    -6.22,   -47.45
   -24.26,   -21.28,   -18.73,   -24.26,   -16.68,    -6.22
   -39.02,   -21.28,   -30.37,   -39.02,   -24.26,   -16.68
   -59.38,   -21.28,   -46.74,   -59.38,   -39.02,   -24.26
    -6.72,    -5.28,   -29.66,    -6.72,   -59.38,   -39.02
    -5.75,    -5.28,   -15.01,    -5.75,    -6.72,   -59.38
   -23.14,    -5.28,   -14.61,   -23.14,    -5.75,    -6.72
    28.25,    -5.28,     5.46,    28.25,   -23.14,    -5.75
    36.56,    10.72,    23.84,    36.56,    28.25,   -23.14
     0.46,    10.72,    17.12,     0.46,    36.56,    28.25
     7.45,    10.72,     9.97,     7.45,     0.46,    36.56
     5.28,    10.72,     5.20,     5.28,     7.45,     0.46
    38.32,    26.72,    22.16,    38.32,     5.28,     7.45
     3.09,    26.72,    15.20,     3.09,    38.32,     5.28
    32.75,    26.72,    23.79,    32.75,     3.09,    38.32
     9.33,    26.72,    16.10,     9.33,    32.75,     3.09
    53.23,    42.72,    35.18,    53.23,     9.33,    32.75
    48.88,    42.72,    43.74,    48.88,    53.23,     9.33
    67.67,    42.72,    59.00,    67.67,    48.88,    53.23
    31.53,    42.72,    46.47,    31.53,    67.67,    48.88
    61.98,    58.72,    52.78,    61.98,    31.53,    67.67
    52.72,    58.72,    52.28,    52.72,    61.98,    31.53
    98.24,    58.72,    77.03,    98.24,    52.72,    61.98
    67.07,    58.72,    75.07,    67.07,    98.24,    52.72
    64.89,    74.72,    71.18,    64.89,    67.07,    98.24
    55.52,    74.72,    60.57,    55.52,    64.89,    67.07
    69.67,    74.72,    64.16,    69.67,    55.52,    64.89
    47.81,    74.72,    56.38,    47.81,    69.67,    55.52
    44.25,    90.72,    49.67,    44.25,    47.81,    69.67
   108.09,    90.72,    76.76,   108.09,    44.25,    47.81
    84.72,    90.72,    85.76,    84.72,   108.09,    44.25
    82.45,    90.72,    87.48,    82.45,    84.72,   108.09
    97.09,   106.72,    90.15,    97.09,    82.45,    84.72
   140.24,   106.72,   116.22,   140.24,    97.09,    82.45
    98.37,   106.72,   112.12,    98.37,   140.24,    97.09
   116.74,   106.72,   114.53,   116.74,    98.37,   140.24
   121.81,   122.72,   116.21,   121.81,   116.74,    98.37
   125.88,   122.72,   123.00,   125.88,   121.81,   116.74
   132.40,   122.72,   128.46,   132.40,   125.88,   121.81
   107.21,   122.72,   118.72,   107.21,   132.40,   125.88
   178.42,   138.72,   147.01,   178.42,   107.21,   132.40
   144.74,   138.72,   149.71,   144.74,   178.42,   107.21
   123.89,   138.72,   139.93,   123.89,   144.74,   178.42
   107.88,   138.72,   119.36,   107.88,   123.89,   144.74
   137.14,   153.86,   125.18,   137.14,   107.88,   123.89
   170.98,   153.86,   149.18,   170.98,   137.14,   107.88
   153.11,   153.86,   156.40,   153.11,   170.98,   137.14
   125.13,   153.86,   142.10,   125.13,   153.11,   170.98
   198.84,   167.57,   166.65,   198.84,   125.13,   153.11
   136.88,   167.57,   155.58,   136.88,   198.84,   125.13
   155.32,   167.57,   156.43,   155.32,   136.88,   198.84
   191.09,   167.57,   170.13,   191.09,   155.32,   136.88
   168.57,   179.81,   173.87,   168.57,   191.09,   155.32
   177.02,   179.81,   176.55,   177.02,   168.57,   191.09
   148.97,   179.81,   161.58,   148.97,   177.02,   168.57
   188.76,   179.81,   173.54,   188.76,   148.97,   177.02
   169.93,   190.56,   172.72,   169.93,   188.76,   148.97
   205.89,   190.56,   191.05,   205.89,   169.93,   188.76
   208.31,   190.56,   201.11,   208.31,   205.89,   169.93
   177.45,   190.56,   192.47,   177.45,   208.31,   205.89
   181.36,   199.83,   184.54,   181.36,   177.45,   208.31
   202.91,   199.83,   191.48,   202.91,   181.36,   177.45
   163.51,   199.83,   179.62,   163.51,   202.91,   181.36
   180.05,   199.83,   178.34,   180.05,   163.51,   202.91
   203.24,   207.62,   188.89,   203.24,   180.05,   163.51
   179.89,   207.62,   187.70,   179.89,   203.24,   180.05
   234.94,   213.92,   211.30,   234.94,   179.89,   203.24
   219.46,   213.92,   218.02,   219.46,   234.94,   179.89
   212.46,   220.35,   218.54,   212.46,   219.46,   234.94
   222.54,   220.35,   218.67,   222.54,   212.46,   219.46
   219.22,   228.18,   219.20,   219.22,   222.54,   212.46
   207.40,   228.18,   213.86,   207.40,   219.22,   222.54
   254.39,   237.46,   232.86,   254.39,   207.40,   219.22
   248.17,   237.46,   243.45,   248.17,   254.39,   207.40
   241.19,   248.19,   245.71,   241.19,   248.17,   254.39
   268.16,   248.19,   255.84,   268.16,   241.19,   248.17
   271.13,   260.36,   265.15,   271.13,   268.16,   241.19
   262.26,   260.36,   266.20,   262.26,   271.13,   268.16
   300.26,   273.99,   282.74,   300.26,   262.26,   271.13
   266.10,   273.99,   276.85,   266.10,   300.26,   262.26
   278.21,   289.09,   277.85,   278.21,   266.10,   300.26
   259.01,   289.09,   266.59,   259.01,   278.21,   266.10
   333.30,   305.66,   299.35,   333.30,   259.01,   278.21
   296.00,   305.66,   302.27,   296.00,   333.30,   259.01
   326.65,   323.69,   317.54,   326.65,   296.00,   333.30
   319.38,   323.69,   317.90,   319.38,   326.65,   296.00
   346.14,   343.19,   333.97,   346.14,   319.38,   326.65
   317.13,   343.19,   327.18,   317.13,   346.14,   319.38
   364.21,   364.16,   345.51,   364.21,   317.13,   346.14
   361.10,   364.16,   354.81,   361.10,   364.21,   317.13
   413.74,   386.59,   387.94,   413.74,   361.10,   364.21
   404.73,   386.59,   400.46,   404.73,   413.74,   361.10
   386.14,   410.50,   396.94,   386.14,   404.73,   413.74
   375.05,   410.50,   383.69,   375.05,   386.14,   404.73
   403.12,   435.87,   390.94,   403.12,   375.05,   386.14
   452.40,   435.87,   423.08,   452.40,   403.12,   375.05
   447.87,   462.71,   441.92,   447.87,   452.40,   403.12
   461.60,   462.71,   455.49,   461.60,   447.87,   452.40
   509.10,   491.02,   483.06,   509.10,   461.60,   447.87
   498.93,   491.02,   496.10,   498.93,   509.10,   461.60
   519.98,   520.80,   511.15,   519.98,   498.93,   509.10
   492.32,   520.80,   502.64,   492.32,   519.98,   498.93
   541.77,   552.04,   521.65,   541.77,   492.32,   519.98
   568.59,   552.04,   546.94,   568.59,   541.77,   492.32
   573.94,   584.14,   566.80,   573.94,   568.59,   541.77
   588.20,   584.14,   580.18,   588.20,   573.94,   568.59
   616.35,   616.19,   599.90,   616.35,   588.20,   573.94
   568.16,   616.19,   587.56,   568.16,   616.35,   588.20
   661.94,   648.20,   623.08,   661.94,   568.16,   616.35
   580.47,   648.20,   605.57,   580.47,   661.94,   568.16
   627.51,   680.20,   617.57,   627.51,   580.47,   661.94
   688.63,   680.20,   650.23,   688.63,   627.51,   580.47
   737.27,   712.20,   702.77,   737.27,   688.63,   627.51
   715.85,   712.20,   718.46,   715.85,   737.27,   688.63
   742.50,   744.20,   732.75,   742.50,   715.85,   737.27
   736.90,   744.20,   735.26,   736.90,   742.50,   715.85
   762.84,   776.20,   750.81,   762.84,   736.90,   742.50
   834.20,   776.20,   794.20,   834.20,   762.84,   736.90
   805.99,   808.20,   808.20,   805.99,   834.20,   762.84
   800.08,   808.20,   807.74,   800.08,   805.99,   834.20
   857.43,   840.20,   829.74,   857.43,   800.08,   805.99
   856.66,   840.20,   847.49,   856.66,   857.43,   800.08
   885.81,   872.20,   871.36,   885.81,   856.66,   857.43
   854.47,   872.20,   865.28,   854.47,   885.81,   856.66
   899.66,   904.20,   882.29,   899.66,   854.47,   885.81
   858.51,   904.20,   871.55,   858.51,   899.66,   854.47
   930.70,   936.20,   901.46,   930.70,   858.51,   899.66
   938.49,   936.20,   922.56,   938.49,   930.70,   858.51
  1000.12,   968.20,   968.01,  1000.12,   938.49,   930.70
   951.74,   968.20,   965.66,   951.74,  1000.12,   938.49
   986.66,  1000.20,   977.26,   986.66,   951.74,  1000.12
  1028.49,  1000.20,  1001.75,  1028.49,   986.66,   951.74
  1036.19,  1032.20,  1025.37,  1036.19,  1028.49,   986.66
  1035.39,  1032.20,  1034.51,  1035.39,  1036.19,  1028.49
  1044.68,  1064.20,  1040.17,  1044.68,  1035.39,  1036.19
  1050.78,  1064.20,  1046.18,  1050.78,  1044.68,  1035.39
  1124.94,  1096.20,  1086.84,  1124.94,  1050.78,  1044.68
  1084.74,  1096.20,  1092.48,  1084.74,  1124.94,  1050.78
  1157.99,  1128.20,  1128.07,  1157.99,  1084.74,  1124.94
  1117.61,  1128.20,  1125.59,  1117.61,  1157.99,  1084.74
  1153.40,  1160.20,  1142.23,  1153.40,  1117.61,  1157.99
  1179.51,  1160.20,  1160.49,  1179.51,  1153.40,  1117.61
  1183.35,  1192.20,  1177.08,  1183.35,  1179.51,  1153.40
  1216.59,  1192.20,  1199.33,  1216.59,  1183.35,  1179.51
  1243.92,  1224.20,  1224.72,  1243.92,  1216.59,  1183.35
  1201.44,  1224.20,  1218.13,  1201.44,  1243.92,  1216.59
  1267.78,  1256.20,  1241.69,  1267.78,  1201.44,  1243.92
  1241.34,  1256.20,  1243.51,  1241.34,  1267.78,  1201.44
  1278.36,  1288.20,  1264.26,  1278.36,  1241.34,  1267.78
  1282.22,  1288.20,  1274.12,  1282.22,  1278.36,  1241.34
  1337.70,  1320.20,  1309.32,  1337.70,  1282.22,  1278.36
  1284.82,  1320.20,  1302.02,  1284.82,  1337.70,  1282.22
  1405.70,  1352.20,  1354.08,  1405.70,  1284.82,  1337.70
  1345.18,  1352.20,  1355.30,  1345.18,  1405.70,  1284.82
  1434.40,  1384.20,  1399.88,  1434.40,  1345.18,  1405.70
  1368.64,  1384.20,  1386.65,  1368.64,  1434.40,  1345.18
  1398.91,  1416.20,  1394.74,  1398.91,  1368.64,  1434.40
  1451.53,  1416.20,  1420.18,  1451.53,  1398.91,  1368.64
  1417.41,  1448.20,  1425.70,  1417.41,  1451.53,  1398.91
  1442.00,  1448.20,  1435.39,  1442.00,  1417.41,  1451.53
  1505.48,  1480.20,  1469.64,  1505.48,  1442.00,  1417.41
  1475.98,  1480.20,  1480.15,  1475.98,  1505.48,  1442.00
  1513.35,  1512.20,  1499.58,  1513.35,  1475.98,  1505.48
  1508.06,  1512.20,  1504.47,  1508.06,  1513.35,  1475.98
  1551.09,  1544.20,  1530.45,  1551.09,  1508.06,  1513.35
  1564.51,  1544.20,  1550.63,  1564.51,  1551.09,  1508.06
  1572.07,  1576.20,  1566.05,  1572.07,  1564.51,  1551.09
  1576.62,  1576.20,  1573.08,  1576.62,  1572.07,  1564.51
  1616.83,  1608.20,  1595.97,  1616.83,  1576.62,  1572.07
  1590.88,  1608.20,  1597.15,  1590.88,  1616.83,  1576.62
  1621.19,  1640.20,  1610.36,  1621.19,  1590.88,  1616.83
  1649.21,  1640.20,  1630.15,  1649.21,  1621.19,  1590.88
  1663.46,  1672.20,  1651.66,  1663.46,  1649.21,  1621.19
  1663.84,  1672.20,  1661.28,  1663.84,  1663.46,  1649.21
  1709.77,  1704.20,  1686.74,  1709.77,  1663.84,  1663.46
  1683.55,  1704.20,  1689.01,  1683.55,  1709.77,  1663.84
  1754.48,  1736.20,  1723.38,  1754.48,  1683.55,  1709.77
  1697.34,  1736.20,  1714.09,  1697.34,  1754.48,  1683.55
  1773.60,  1768.20,  1744.99,  1773.60,  1697.34,  1754.48
  1779.83,  1768.20,  1764.01,  1779.83,  1773.60,  1697.34
  1849.55,  1800.20,  1813.65,  1849.55,  1779.83,  1773.60
  1818.81,  1800.20,  1822.56,  1818.81,  1849.55,  1779.83
  1832.41,  1832.20,  1830.73,  1832.41,  1818.81,  1849.55
  1801.19,  1832.20,  1814.53,  1801.19,  1832.41,  1818.81
  1868.73,  1864.20,  1840.16,  1868.73,  1801.19,  1832.41
  1886.64,  1864.20,  1866.43,  1886.64,  1868.73,  1801.19
  1869.49,  1896.20,  1875.08,  1869.49,  1886.64,  1868.73
  1882.83,  1896.20,  1879.02,  1882.83,  1869.49,  1886.64
  1943.54,  1928.20,  1910.96,  1943.54,  1882.83,  1869.49
  1927.79,  1928.20,  1925.55,  1927.79,  1943.54,  1882.83
  1916.18,  1960.20,  1924.61,  1916.18,  1927.79,  1943.54
  1940.53,  1960.20,  1930.29,  1940.53,  1916.18,  1927.79
  1998.86,  1992.20,  1965.64,  1998.86,  1940.53,  1916.18
  1988.20,  1992.20,  1983.81,  1988.20,  1998.86,  1940.53
  2022.27,  2024.20,  2007.01,  2022.27,  1988.20,  1998.86
  2029.53,  2024.20,  2020.22,  2029.53,  2022.27,  1988.20
  2028.27,  2056.20,  2027.69,  2028.27,  2029.53,  2022.27
  2058.73,  2056.20,  2043.71,  2058.73,  2028.27,  2029.53
  2114.26,  2088.20,  2081.42,  2114.26,  2058.73,  2028.27
  2105.91,  2088.20,  2100.83,  2105.91,  2114.26,  2058.73
  2094.66,  2120.20,  2101.68,  2094.66,  2105.91,  2114.26
  2114.88,  2120.20,  2106.64,  2114.88,  2094.66,  2105.91
  2142.73,  2152.20,  2125.43,  2142.73,  2114.88,  2094.66
  2192.46,  2152.20,  2162.95,  2192.46,  2142.73,  2114.88
  2173.94,  2184.20,  2174.91,  2173.94,  2192.46,  2142.73
  2215.43,  2184.20,  2197.77,  2215.43,  2173.94,  2192.46
  2219.72,  2216.20,  2210.66,  2219.72,  2215.43,  2173.94
  2185.49,  2216.20,  2201.89,  2185.49,  2219.72,  2215.43
  2243.93,  2248.20,  2220.41,  2243.93,  2185.49,  2219.72
  2280.81,  2248.20,  2252.63,  2280.81,  2243.93,  2185.49
  2279.45,  2280.20,  2273.99,  2279.45,  2280.81,  2243.93
  2262.66,  2280.20,  2271.29,  2262.66,  2279.45,  2280.81
  2345.93,  2312.20,  2307.10,  2345.93,  2262.66,  2279.45
  2313.72,  2312.20,  2315.95,  2313.72,  2345.93,  2262.66
  2350.63,  2344.20,  2337.54,  2350.63,  2313.72,  2345.93
  2370.26,  2344.20,  2354.29,  2370.26,  2350.63,  2313.72
  2388.88,  2376.20,  2376.30,  2388.88,  2370.26,  2350.63
  2363.18,  2376.20,  2372.93,  2363.18,  2388.88,  2370.26
  2398.86,  2408.20,  2385.31,  2398.86,  2363.18,  2388.88
  2396.87,  2408.20,  2391.92,  2396.87,  2398.86,  2363.18
  2425.05,  2440.20,  2411.29,  2425.05,  2396.87,  2398.86
  2446.84,  2440.20,  2431.25,  2446.84,  2425.05,  2396.87
  2464.61,  2472.20,  2452.09,  2464.61,  2446.84,  2425.05
  2493.30,  2472.20,  2476.00,  2493.30,  2464.61,  2446.84
  2488.96,  2504.20,  2486.35,  2488.96,  2493.30,  2464.61
  2524.96,  2504.20,  2507.68,  2524.96,  2488.96,  2493.30
  2518.73,  2536.20,  2515.84,  2518.73,  2524.96,  2488.96
  2541.29,  2536.20,  2531.05,  2541.29,  2518.73,  2524.96
  2574.03,  2568.20,  2553.90,  2574.03,  2541.29,  2518.73
  2574.83,  2568.20,  2568.97,  2574.83,  2574.03,  2541.29
  2599.23,  2600.20,  2586.90,  2599.23,  2574.83,  2574.03
  2595.79,  2600.20,  2593.44,  2595.79,  2599.23,  2574.83
  2646.18,  2632.20,  2621.56,  2646.18,  2595.79,  2599.23
  2650.66,  2632.20,  2640.02,  2650.66,  2646.18,  2595.79
  2668.06,  2664.20,  2658.61,  2668.06,  2650.66,  2646.18
  2652.01,  2664.20,  2657.13,  2652.01,  2668.06,  2650.66
  2699.36,  2696.20,  2678.36,  2699.36,  2652.01,  2668.06
  2667.31,  2696.20,  2675.44,  2667.31,  2699.36,  2652.01
  2719.11,  2728.20,  2698.55,  2719.11,  2667.31,  2699.36
  2733.73,  2728.20,  2717.79,  2733.73,  2719.11,  2667.31
  2745.11,  2760.20,  2736.98,  2745.11,  2733.73,  2719.11
  2786.49,  2760.20,  2763.90,  2786.49,  2745.11,  2733.73
  2789.91,  2792.20,  2781.31,  2789.91,  2786.49,  2745.11
  2781.21,  2792.20,  2784.99,  2781.21,  2789.91,  2786.49
  2843.89,  2824.20,  2814.00,  2843.89,  2781.21,  2789.91
  2790.03,  2824.20,  2806.52,  2790.03,  2843.89,  2781.21
  2831.60,  2856.20,  2819.79,  2831.60,  2790.03,  2843.89
  2860.96,  2856.20,  2839.35,  2860.96,  2831.60,  2790.03
  2870.42,  2888.20,  2860.80,  2870.42,  2860.96,  2831.60
  2908.49,  2888.20,  2887.88,  2908.49,  2870.42,  2860.96
  2931.68,  2920.20,  2913.74,  2931.68,  2908.49,  2870.42
  2933.98,  2920.20,  2928.97,  2933.98,  2931.68,  2908.49
  2925.60,  2952.20,  2929.41,  2925.60,  2933.98,  2931.68
  2928.33,  2952.20,  2928.36,  2928.33,  2925.60,  2933.98
  2993.00,  2984.20,  2960.21,  2993.00,  2928.33,  2925.60
  2953.49,  2984.20,  2962.47,  2953.49,  2993.00,  2928.33
  3029.97,  3016.20,  2998.32,  3029.97,  2953.49,  2993.00
  3005.63,  3016.20,  3005.05,  3005.63,  3029.97,  2953.49
  3014.69,  3048.20,  3014.22,  3014.69,  3005.63,  3029.97
  3028.19,  3048.20,  3019.93,  3028.19,  3014.69,  3005.63
  3097.78,  3080.20,  3060.74,  3097.78,  3028.19,  3014.69
  3064.15,  3080.20,  3069.37,  3064.15,  3097.78,  3028.19
  3119.31,  3112.20,  3097.34,  3119.31,  3064.15,  3097.78
  3151.02,  3112.20,  3125.97,  3151.02,  3119.31,  3064.15
  3125.22,  3144.20,  3132.84,  3125.22,  3151.02,  3119.31
  3090.76,  3144.20,  3112.29,  3090.76,  3125.22,  3151.02
  3188.84,  3176.20,  3145.54,  3188.84,  3090.76,  3125.22
  3195.53,  3176.20,  3175.84,  3195.53,  3188.84,  3090.76
  3183.87,  3208.20,  3188.58,  3183.87,  3195.53,  3188.84
  3203.87,  3208.20,  3195.81,  3203.87,  3183.87,  3195.53
  3256.45,  3240.20,  3226.83,  3256.45,  3203.87,  3183.87
  3248.09,  3240.20,  3243.51,  3248.09,  3256.45,  3203.87
  3253.91,  3272.20,  3252.39,  3253.91,  3248.09,  3256.45
  3257.28,  3272.20,  3254.62,  3257.28,  3253.91,  3248.09
  3284.31,  3304.20,  3270.23,  3284.31,  3257.28,  3253.91
  3283.98,  3304.20,  3279.64,  3283.98,  3284.31,  3257.28
  3336.90,  3336.20,  3310.49,  3336.90,  3283.98,  3284.31
  3336.93,  3336.20,  3328.09,  3336.93,  3336.90,  3283.98
  3348.37,  3368.20,  3342.64,  3348.37,  3336.93,  3336.90
  3376.90,  3368.20,  3360.73,  3376.90,  3348.37,  3336.93
  3373.58,  3400.20,  3370.48,  3373.58,  3376.90,  3348.37
  3383.71,  3400.20,  3379.20,  3383.71,  3373.58,  3376.90
  3419.58,  3432.20,  3399.95,  3419.58,  3383.71,  3373.58
  3396.30,  3432.20,  3401.96,  3396.30,  3419.58,  3383.71
  3446.44,  3464.20,  3425.25,  3446.44,  3396.30,  3419.58
  3452.49,  3464.20,  3441.10,  3452.49,  3446.44,  3396.30
  3495.28,  3496.20,  3472.87,  3495.28,  3452.49,  3446.44
  3465.29,  3496.20,  3473.15,  3465.29,  3495.28,  3452.49
  3542.24,  3528.20,  3508.77,  3542.24,  3465.29,  3495.28
  3514.00,  3528.20,  3515.30,  3514.00,  3542.24,  3465.29
  3572.19,  3560.20,  3547.80,  3572.19,  3514.00,  3542.24
  3560.99,  3560.20,  3556.89,  3560.99,  3572.19,  3514.00
  3584.72,  3592.20,  3574.72,  3584.72,  3560.99,  3572.19
  3572.70,  3592.20,  3574.75,  3572.70,  3584.72,  3560.99
  3609.04,  3624.20,  3592.87,  3609.04,  3572.70,  3584.72
  3662.92,  3624.20,  3629.92,  3662.92,  3609.04,  3572.70
  3649.99,  3656.20,  3647.48,  3649.99,  3662.92,  3609.04
  3681.21,  3656.20,  3667.75,  3681.21,  3649.99,  3662.92
  3677.68,  3688.20,  3674.24,  3677.68,  3681.21,  3649.99
  3657.21,  3688.20,  3668.04,  3657.21,  3677.68,  3681.21
  3692.83,  3720.20,  3678.43,  3692.83,  3657.21,  3677.68
  3710.90,  3720.20,  3695.93,  3710.90,  3692.83,  3657.21
  3747.72,  3752.20,  3726.30,  3747.72,  3710.90,  3692.83
  3771.51,  3752.20,  3753.48,  3771.51,  3747.72,  3710.90
  3788.42,  3784.20,  3776.00,  3788.42,  3771.51,  3747.72
  3793.97,  3784.20,  3788.38,  3793.97,  3788.42,  3771.51
  3807.94,  3816.20,  3800.03,  3807.94,  3793.97,  3788.42
  3790.92,  3816.20,  3797.11,  3790.92,  3807.94,  3793.97
  3857.84,  3848.20,  3827.22,  3857.84,  3790.92,  3807.94
  3852.33,  3848.20,  3843.94,  3852.33,  3857.84,  3790.92
  3880.14,  3880.20,  3867.15,  3880.14,  3852.33,  3857.84
  3890.21,  3880.20,  3880.54,  3890.21,  3880.14,  3852.33
  3935.14,  3912.20,  3911.00,  3935.14,  3890.21,  3880.14
  3920.68,  3912.20,  3920.42,  3920.68,  3935.14,  3890.21
  3969.80,  3944.20,  3947.65,  3969.80,  3920.68,  3935.14
  3949.74,  3944.20,  3951.58,  3949.74,  3969.80,  3920.68
  3986.15,  3976.20,  3971.29,  3986.15,  3949.74,  3969.80
  3985.72,  3976.20,  3979.87,  3985.72,  3986.15,  3949.74
  4017.52,  4008.20,  4001.69,  4017.52,  3985.72,  3986.15
  4021.82,  4008.20,  4014.37,  4021.82,  4017.52,  3985.72
  4031.75,  4040.20,  4026.07,  4031.75,  4021.82,  4017.52
  4005.98,  4040.20,  4017.21,  4005.98,  4031.75,  4021.82
  4063.44,  4072.20,  4039.01,  4063.44,  4005.98,  4031.75
  4077.62,  4072.20,  4060.95,  4077.62,  4063.44,  4005.98
  4100.96,  4104.20,  4086.93,  4100.96,  4077.62,  4063.44
  4140.66,  4104.20,  4116.92,  4140.66,  4100.96,  4077.62
  4131.30,  4136.20,  4129.36,  4131.30,  4140.66,  4100.96
  4096.35,  4136.20,  4115.39,  4096.35,  4131.30,  4140.66
  4150.95,  4168.20,  4129.48,  4150.95,  4096.35,  4131.30
  4165.58,  4168.20,  4149.17,  4165.58,  4150.95,  4096.35
  4184.49,  4200.20,  4172.60,  4184.49,  4165.58,  4150.95
  4211.85,  4200.20,  4195.02,  4211.85,  4184.49,  4165.58
  4234.17,  4232.20,  4218.45,  4234.17,  4211.85,  4184.49
  4212.09,  4232.20,  4219.41,  4212.09,  4234.17,  4211.85
  4257.19,  4264.20,  4238.32,  4257.19,  4212.09,  4234.17
  4288.03,  4264.20,  4265.09,  4288.03,  4257.19,  4212.09
  4307.44,  4296.20,  4292.59,  4307.44,  4288.03,  4257.19
  4299.93,  4296.20,  4300.45,  4299.93,  4307.44,  4288.03
  4317.10,  4328.20,  4309.77,  4317.10,  4299.93,  4307.44
  4299.73,  4328.20,  4305.56,  4299.73,  4317.10,  4299.93
  4361.55,  4360.20,  4333.54,  4361.55,  4299.73,  4317.10
  4341.18,  4360.20,  4341.06,  4341.18,  4361.55,  4299.73
  4397.61,  4392.20,  4372.79,  4397.61,  4341.18,  4361.55
  4367.18,  4392.20,  4372.99,  4367.18,  4397.61,  4341.18
  4413.63,  4424.20,  4395.47,  4413.63,  4367.18,  4397.61
  4419.38,  4424.20,  4408.76,  4419.38,  4413.63,  4367.18
  4460.14,  4456.20,  4438.80,  4460.14,  4419.38,  4413.63
  4443.94,  4456.20,  4445.25,  4443.94,  4460.14,  4419.38
  4492.39,  4488.20,  4470.87,  4492.39,  4443.94,  4460.14
  4511.83,  4488.20,  4494.03,  4511.83,  4492.39,  4443.94
  4508.38,  4520.20,  4506.86,  4508.38,  4511.83,  4492.39
  4541.00,  4520.20,  4525.26,  4541.00,  4508.38,  4511.83
  4546.17,  4552.20,  4538.15,  4546.17,  4541.00,  4508.38
  4574.72,  4552.20,  4559.58,  4574.72,  4546.17,  4541.00
  4596.69,  4584.20,  4580.95,  4596.69,  4574.72,  4546.17
  4595.38,  4584.20,  4592.37,  4595.38,  4596.69,  4574.72
  4596.42,  4616.20,  4596.12,  4596.42,  4595.38,  4596.69
  4642.42,  4616.20,  4619.25,  4642.42,  4596.42,  4595.38
  4669.92,  4648.20,  4648.51,  4669.92,  4642.42,  4596.42
  4648.95,  4648.20,  4654.85,  4648.95,  4669.92,  4642.42
  4728.24,  4680.20,  4692.09,  4728.24,  4648.95,  4669.92
  4665.53,  4680.20,  4683.67,  4665.53,  4728.24,  4648.95
  4692.01,  4712.20,  4689.22,  4692.01,  4665.53,  4728.24
  4684.64,  4712.20,  4683.91,  4684.64,  4692.01,  4665.53
  4746.37,  4744.20,  4716.73,  4746.37,  4684.64,  4692.01
  4719.99,  4744.20,  4722.90,  4719.99,  4746.37,  4684.64
  4740.76,  4776.20,  4734.78,  4740.76,  4719.99,  4746.37
  4774.17,  4776.20,  4754.00,  4774.17,  4740.76,  4719.99
  4826.85,  4808.20,  4794.94,  4826.85,  4774.17,  4740.76
  4818.56,  4808.20,  4813.92,  4818.56,  4826.85,  4774.17
  4862.94,  4840.20,  4842.13,  4862.94,  4818.56,  4826.85
  4835.25,  4840.20,  4841.70,  4835.25,  4862.94,  4818.56
  4877.66,  4872.20,  4861.07,  4877.66,  4835.25,  4862.94
  4878.63,  4872.20,  4871.08,  4878.63,  4877.66,  4835.25
  4859.45,  4904.20,  4868.88,  4859.45,  4878.63,  4877.66
  4868.58,  4904.20,  4867.21,  4868.58,  4859.45,  4878.63
  4973.13,  4936.20,  4919.33,  4973.13,  4868.58,  4859.45
  4950.07,  4936.20,  4944.17,  4950.07,  4973.13,  4868.58
  4961.30,  4968.20,  4959.53,  4961.30,  4950.07,  4973.13
  4940.20,  4968.20,  4948.88,  4940.20,  4961.30,  4950.07
  4990.89,  5000.20,  4969.06,  4990.89,  4940.20,  4961.30
